3,System_Snapshot_Dummy
21,Ball
22,StereoscopicOptionsUnit
23,Colossus
24,TechLab
25,Reactor
27,InfestorTerran
28,BanelingCocoon
29,Baneling
30,Mothership
31,PointDefenseDrone
32,Changeling
33,ChangelingZealot
34,ChangelingMarineShield
35,ChangelingMarine
36,ChangelingZerglingWings
37,ChangelingZergling
39,CommandCenter
40,SupplyDepot
41,Refinery
42,Barracks
43,EngineeringBay
44,MissileTurret
45,Bunker
46,RefineryRich
47,SensorTower
48,GhostAcademy
49,Factory
50,Starport
52,Armory
53,FusionCore
54,AutoTurret
55,SiegeTankSieged
56,SiegeTank
57,VikingAssault
58,VikingFighter
59,CommandCenterFlying
60,BarracksTechLab
61,BarracksReactor
62,FactoryTechLab
63,FactoryReactor
64,StarportTechLab
65,StarportReactor
66,FactoryFlying
67,StarportFlying
68,SCV
69,BarracksFlying
70,SupplyDepotLowered
71,Marine
72,Reaper
73,Ghost
74,Marauder
75,Thor
76,Hellion
77,Medivac
78,Banshee
79,Raven
80,Battlecruiser
81,Nuke
82,Nexus
83,Pylon
84,Assimilator
85,Gateway
86,Forge
87,FleetBeacon
88,TwilightCouncil
89,PhotonCannon
90,Stargate
91,TemplarArchive
92,DarkShrine
93,RoboticsBay
94,RoboticsFacility
95,CyberneticsCore
96,Zealot
97,Stalker
98,HighTemplar
99,DarkTemplar
100,Sentry
101,Phoenix
102,Carrier
103,VoidRay
104,WarpPrism
105,Observer
106,Immortal
107,Probe
108,Interceptor
109,Hatchery
110,CreepTumor
111,Extractor
112,SpawningPool
113,EvolutionChamber
114,HydraliskDen
115,Spire
116,UltraliskCavern
117,InfestationPit
118,NydusNetwork
119,BanelingNest
120,RoachWarren
121,SpineCrawler
122,SporeCrawler
123,Lair
124,Hive
125,GreaterSpire
126,Egg
127,Drone
128,Zergling
129,Overlord
130,Hydralisk
131,Mutalisk
132,Ultralisk
133,Roach
134,Infestor
135,Corruptor
136,BroodLordCocoon
137,BroodLord
138,BanelingBurrowed
139,DroneBurrowed
140,HydraliskBurrowed
141,RoachBurrowed
142,ZerglingBurrowed
143,InfestorTerranBurrowed
144,RedstoneLavaCritterBurrowed
145,RedstoneLavaCritterInjuredBurrowed
146,RedstoneLavaCritter
147,RedstoneLavaCritterInjured
148,QueenBurrowed
149,Queen
150,InfestorBurrowed
151,OverlordCocoon
152,Overseer
153,PlanetaryFortress
154,UltraliskBurrowed
155,OrbitalCommand
156,WarpGate
157,OrbitalCommandFlying
158,ForceField
159,WarpPrismPhasing
160,CreepTumorBurrowed
161,CreepTumorQueen
162,SpineCrawlerUprooted
163,SporeCrawlerUprooted
164,Archon
165,NydusCanal
166,BroodlingEscort
167,GhostAlternate
168,GhostNova
169,RichMineralField
170,RichMineralField750
171,Ursadon
173,LurkerMPBurrowed
174,LurkerMP
175,LurkerDenMP
176,LurkerMPEgg
177,NydusCanalAttacker
178,OverlordTransport
179,Ravager
180,RavagerBurrowed
181,RavagerCocoon
182,TransportOverlordCocoon
183,XelNagaTower
185,Oracle
186,Tempest
188,InfestedTerransEgg
189,Larva
190,OverseerSiegeMode
192,ReaperPlaceholder
193,MarineACGluescreenDummy
194,FirebatACGluescreenDummy
195,MedicACGluescreenDummy
196,MarauderACGluescreenDummy
197,VultureACGluescreenDummy
198,SiegeTankACGluescreenDummy
199,VikingACGluescreenDummy
200,BansheeACGluescreenDummy
201,BattlecruiserACGluescreenDummy
202,OrbitalCommandACGluescreenDummy
203,BunkerACGluescreenDummy
204,BunkerUpgradedACGluescreenDummy
205,MissileTurretACGluescreenDummy
206,HellbatACGluescreenDummy
207,GoliathACGluescreenDummy
208,CycloneACGluescreenDummy
209,WraithACGluescreenDummy
210,ScienceVesselACGluescreenDummy
211,HerculesACGluescreenDummy
212,ThorACGluescreenDummy
213,PerditionTurretACGluescreenDummy
214,FlamingBettyACGluescreenDummy
215,DevastationTurretACGluescreenDummy
216,BlasterBillyACGluescreenDummy
217,SpinningDizzyACGluescreenDummy
218,ZerglingKerriganACGluescreenDummy
219,RaptorACGluescreenDummy
220,QueenCoopACGluescreenDummy
221,HydraliskACGluescreenDummy
222,HydraliskLurkerACGluescreenDummy
223,MutaliskBroodlordACGluescreenDummy
224,BroodLordACGluescreenDummy
225,UltraliskACGluescreenDummy
226,TorrasqueACGluescreenDummy
227,OverseerACGluescreenDummy
228,LurkerACGluescreenDummy
229,SpineCrawlerACGluescreenDummy
230,SporeCrawlerACGluescreenDummy
231,NydusNetworkACGluescreenDummy
232,OmegaNetworkACGluescreenDummy
233,ZerglingZagaraACGluescreenDummy
234,SwarmlingACGluescreenDummy
235,QueenZagaraACGluescreenDummy
236,BanelingACGluescreenDummy
237,SplitterlingACGluescreenDummy
238,AberrationACGluescreenDummy
239,ScourgeACGluescreenDummy
240,CorruptorACGluescreenDummy
241,OverseerZagaraACGluescreenDummy
242,BileLauncherACGluescreenDummy
243,SwarmQueenACGluescreenDummy
244,RoachACGluescreenDummy
245,RoachVileACGluescreenDummy
246,RavagerACGluescreenDummy
247,SwarmHostACGluescreenDummy
248,MutaliskACGluescreenDummy
249,GuardianACGluescreenDummy
250,DevourerACGluescreenDummy
251,ViperACGluescreenDummy
252,BrutaliskACGluescreenDummy
253,LeviathanACGluescreenDummy
254,ZealotACGluescreenDummy
255,ZealotAiurACGluescreenDummy
256,DragoonACGluescreenDummy
257,HighTemplarACGluescreenDummy
258,ArchonACGluescreenDummy
259,ImmortalACGluescreenDummy
260,ObserverACGluescreenDummy
261,PhoenixAiurACGluescreenDummy
262,ReaverACGluescreenDummy
263,TempestACGluescreenDummy
264,PhotonCannonACGluescreenDummy
265,ZealotVorazunACGluescreenDummy
266,ZealotShakurasACGluescreenDummy
267,StalkerShakurasACGluescreenDummy
268,DarkTemplarShakurasACGluescreenDummy
269,CorsairACGluescreenDummy
270,VoidRayACGluescreenDummy
271,VoidRayShakurasACGluescreenDummy
272,OracleACGluescreenDummy
273,DarkArchonACGluescreenDummy
274,DarkPylonACGluescreenDummy
275,ZealotPurifierACGluescreenDummy
276,SentryPurifierACGluescreenDummy
277,ImmortalKaraxACGluescreenDummy
278,ColossusACGluescreenDummy
279,ColossusPurifierACGluescreenDummy
280,PhoenixPurifierACGluescreenDummy
281,CarrierACGluescreenDummy
282,CarrierAiurACGluescreenDummy
283,KhaydarinMonolithACGluescreenDummy
284,ShieldBatteryACGluescreenDummy
285,EliteMarineACGluescreenDummy
286,MarauderCommandoACGluescreenDummy
287,SpecOpsGhostACGluescreenDummy
288,HellbatRangerACGluescreenDummy
289,StrikeGoliathACGluescreenDummy
290,HeavySiegeTankACGluescreenDummy
291,RaidLiberatorACGluescreenDummy
292,RavenTypeIIACGluescreenDummy
293,CovertBansheeACGluescreenDummy
294,RailgunTurretACGluescreenDummy
295,BlackOpsMissileTurretACGluescreenDummy
296,SupplicantACGluescreenDummy
297,StalkerTaldarimACGluescreenDummy
298,SentryTaldarimACGluescreenDummy
299,HighTemplarTaldarimACGluescreenDummy
300,ImmortalTaldarimACGluescreenDummy
301,ColossusTaldarimACGluescreenDummy
302,WarpPrismTaldarimACGluescreenDummy
303,PhotonCannonTaldarimACGluescreenDummy
304,StukovInfestedCivilianACGluescreenDummy
305,StukovInfestedMarineACGluescreenDummy
306,StukovInfestedSiegeTankACGluescreenDummy
307,StukovInfestedDiamondbackACGluescreenDummy
308,StukovInfestedBansheeACGluescreenDummy
309,SILiberatorACGluescreenDummy
310,StukovInfestedBunkerACGluescreenDummy
311,StukovInfestedMissileTurretACGluescreenDummy
312,StukovBroodQueenACGluescreenDummy
313,ZealotFenixACGluescreenDummy
314,SentryFenixACGluescreenDummy
315,AdeptFenixACGluescreenDummy
316,ImmortalFenixACGluescreenDummy
317,ColossusFenixACGluescreenDummy
318,DisruptorACGluescreenDummy
319,ObserverFenixACGluescreenDummy
320,ScoutACGluescreenDummy
321,CarrierFenixACGluescreenDummy
322,PhotonCannonFenixACGluescreenDummy
323,PrimalZerglingACGluescreenDummy
324,RavasaurACGluescreenDummy
325,PrimalRoachACGluescreenDummy
326,FireRoachACGluescreenDummy
327,PrimalGuardianACGluescreenDummy
328,PrimalHydraliskACGluescreenDummy
329,PrimalMutaliskACGluescreenDummy
330,PrimalImpalerACGluescreenDummy
331,PrimalSwarmHostACGluescreenDummy
332,CreeperHostACGluescreenDummy
333,PrimalUltraliskACGluescreenDummy
334,TyrannozorACGluescreenDummy
335,PrimalWurmACGluescreenDummy
336,HHReaperACGluescreenDummy
337,HHWidowMineACGluescreenDummy
338,HHHellionTankACGluescreenDummy
339,HHWraithACGluescreenDummy
340,HHVikingACGluescreenDummy
341,HHBattlecruiserACGluescreenDummy
342,HHRavenACGluescreenDummy
343,HHBomberPlatformACGluescreenDummy
344,HHMercStarportACGluescreenDummy
345,HHMissileTurretACGluescreenDummy
346,TychusReaperACGluescreenDummy
347,TychusFirebatACGluescreenDummy
348,TychusSpectreACGluescreenDummy
349,TychusMedicACGluescreenDummy
350,TychusMarauderACGluescreenDummy
351,TychusWarhoundACGluescreenDummy
352,TychusHERCACGluescreenDummy
353,TychusGhostACGluescreenDummy
354,TychusSCVAutoTurretACGluescreenDummy
355,ZeratulStalkerACGluescreenDummy
356,ZeratulSentryACGluescreenDummy
357,ZeratulDarkTemplarACGluescreenDummy
358,ZeratulImmortalACGluescreenDummy
359,ZeratulObserverACGluescreenDummy
360,ZeratulDisruptorACGluescreenDummy
361,ZeratulWarpPrismACGluescreenDummy
362,ZeratulPhotonCannonACGluescreenDummy
363,MechaZerglingACGluescreenDummy
364,MechaBanelingACGluescreenDummy
365,MechaHydraliskACGluescreenDummy
366,MechaInfestorACGluescreenDummy
367,MechaCorruptorACGluescreenDummy
368,MechaUltraliskACGluescreenDummy
369,MechaOverseerACGluescreenDummy
370,MechaLurkerACGluescreenDummy
371,MechaBattlecarrierLordACGluescreenDummy
372,MechaSpineCrawlerACGluescreenDummy
373,MechaSporeCrawlerACGluescreenDummy
374,TrooperMengskACGluescreenDummy
375,MedivacMengskACGluescreenDummy
376,BlimpMengskACGluescreenDummy
377,MarauderMengskACGluescreenDummy
378,GhostMengskACGluescreenDummy
379,SiegeTankMengskACGluescreenDummy
380,ThorMengskACGluescreenDummy
381,VikingMengskACGluescreenDummy
382,BattlecruiserMengskACGluescreenDummy
383,BunkerDepotMengskACGluescreenDummy
384,MissileTurretMengskACGluescreenDummy
385,ArtilleryMengskACGluescreenDummy
387,RenegadeLongboltMissileWeapon
388,LoadOutSpray@1
389,LoadOutSpray@2
390,LoadOutSpray@3
391,LoadOutSpray@4
392,LoadOutSpray@5
393,LoadOutSpray@6
394,LoadOutSpray@7
395,LoadOutSpray@8
396,LoadOutSpray@9
397,LoadOutSpray@10
398,LoadOutSpray@11
399,LoadOutSpray@12
400,LoadOutSpray@13
401,LoadOutSpray@14
402,NeedleSpinesWeapon
403,CorruptionWeapon
404,InfestedTerransWeapon
405,NeuralParasiteWeapon
406,PointDefenseDroneReleaseWeapon
407,HunterSeekerWeapon
408,MULE
410,ThorAAWeapon
411,PunisherGrenadesLMWeapon
412,VikingFighterWeapon
413,ATALaserBatteryLMWeapon
414,ATSLaserBatteryLMWeapon
415,LongboltMissileWeapon
416,D8ChargeWeapon
417,YamatoWeapon
418,IonCannonsWeapon
419,AcidSalivaWeapon
420,SpineCrawlerWeapon
421,SporeCrawlerWeapon
422,GlaiveWurmWeapon
423,GlaiveWurmM2Weapon
424,GlaiveWurmM3Weapon
425,StalkerWeapon
426,EMP2Weapon
427,BacklashRocketsLMWeapon
428,PhotonCannonWeapon
429,ParasiteSporeWeapon
431,Broodling
432,BroodLordBWeapon
435,AutoTurretReleaseWeapon
436,LarvaReleaseMissile
437,AcidSpinesWeapon
438,FrenzyWeapon
439,ContaminateWeapon
451,BeaconArmy
452,BeaconDefend
453,BeaconAttack
454,BeaconHarass
455,BeaconIdle
456,BeaconAuto
457,BeaconDetect
458,BeaconScout
459,BeaconClaim
460,BeaconExpand
461,BeaconRally
462,BeaconCustom1
463,BeaconCustom2
464,BeaconCustom3
465,BeaconCustom4
470,LiberatorAG
472,PreviewBunkerUpgraded
473,HellionTank
474,Cyclone
475,WidowMine
476,Liberator
478,Adept
479,Disruptor
480,SwarmHostMP
481,Viper
482,ShieldBattery
483,HighTemplarSkinPreview
484,MothershipCore
485,Viking
498,InhibitorZoneSmall
499,InhibitorZoneMedium
500,InhibitorZoneLarge
501,AccelerationZoneSmall
502,AccelerationZoneMedium
503,AccelerationZoneLarge
504,AccelerationZoneFlyingSmall
505,AccelerationZoneFlyingMedium
506,AccelerationZoneFlyingLarge
507,InhibitorZoneFlyingSmall
508,InhibitorZoneFlyingMedium
509,InhibitorZoneFlyingLarge
510,AssimilatorRich
511,RichVespeneGeyser
512,ExtractorRich
513,RavagerCorrosiveBileMissile
514,RavagerWeaponMissile
515,RenegadeMissileTurret
516,Rocks2x2NonConjoined
517,FungalGrowthMissile
518,NeuralParasiteTentacleMissile
519,Beacon_Protoss
520,Beacon_ProtossSmall
521,Beacon_Terran
522,Beacon_TerranSmall
523,Beacon_Zerg
524,Beacon_ZergSmall
525,Lyote
526,CarrionBird
527,KarakMale
528,KarakFemale
529,UrsadakFemaleExotic
530,UrsadakMale
531,UrsadakFemale
532,UrsadakCalf
533,UrsadakMaleExotic
534,UtilityBot
535,CommentatorBot1
536,CommentatorBot2
537,CommentatorBot3
538,CommentatorBot4
539,Scantipede
540,Dog
541,Sheep
542,Cow
543,InfestedTerransEggPlacement
544,InfestorTerransWeapon
545,MineralField
546,MineralField450
547,MineralField750
548,MineralFieldOpaque
549,MineralFieldOpaque900
550,VespeneGeyser
551,SpacePlatformGeyser
552,DestructibleSearchlight
553,DestructibleBullhornLights
554,DestructibleStreetlight
555,DestructibleSpacePlatformSign
556,DestructibleStoreFrontCityProps
557,DestructibleBillboardTall
558,DestructibleBillboardScrollingText
559,DestructibleSpacePlatformBarrier
560,DestructibleSignsDirectional
561,DestructibleSignsConstruction
562,DestructibleSignsFunny
563,DestructibleSignsIcons
564,DestructibleSignsWarning
565,DestructibleGarage
566,DestructibleGarageLarge
567,DestructibleTrafficSignal
568,TrafficSignal
569,BraxisAlphaDestructible1x1
570,BraxisAlphaDestructible2x2
571,DestructibleDebris4x4
572,DestructibleDebris6x6
573,DestructibleRock2x4Vertical
574,DestructibleRock2x4Horizontal
575,DestructibleRock2x6Vertical
576,DestructibleRock2x6Horizontal
577,DestructibleRock4x4
578,DestructibleRock6x6
579,DestructibleRampDiagonalHugeULBR
580,DestructibleRampDiagonalHugeBLUR
581,DestructibleRampVerticalHuge
582,DestructibleRampHorizontalHuge
583,DestructibleDebrisRampDiagonalHugeULBR
584,DestructibleDebrisRampDiagonalHugeBLUR
585,WarpPrismSkinPreview
586,SiegeTankSkinPreview
587,ThorAP
588,ThorAALance
589,LiberatorSkinPreview
590,OverlordGenerateCreepKeybind
591,MengskStatueAlone
592,MengskStatue
593,WolfStatue
594,GlobeStatue
595,Weapon
596,GlaiveWurmBounceWeapon
597,BroodLordWeapon
598,BroodLordAWeapon
599,CreepBlocker1x1
600,PermanentCreepBlocker1x1
601,PathingBlocker1x1
602,PathingBlocker2x2
603,AutoTestAttackTargetGround
604,AutoTestAttackTargetAir
605,AutoTestAttacker
606,HelperEmitterSelectionArrow
607,MultiKillObject
608,ShapeGolfball
609,ShapeCone
610,ShapeCube
611,ShapeCylinder
612,ShapeDodecahedron
613,ShapeIcosahedron
614,ShapeOctahedron
615,ShapePyramid
616,ShapeRoundedCube
617,ShapeSphere
618,ShapeTetrahedron
619,ShapeThickTorus
620,ShapeThinTorus
621,ShapeTorus
622,Shape4PointStar
623,Shape5PointStar
624,Shape6PointStar
625,Shape8PointStar
626,ShapeArrowPointer
627,ShapeBowl
628,ShapeBox
629,ShapeCapsule
630,ShapeCrescentMoon
631,ShapeDecahedron
632,ShapeDiamond
633,ShapeFootball
634,ShapeGemstone
635,ShapeHeart
636,ShapeJack
637,ShapePlusSign
638,ShapeShamrock
639,ShapeSpade
640,ShapeTube
641,ShapeEgg
642,ShapeYenSign
643,ShapeX
644,ShapeWatermelon
645,ShapeWonSign
646,ShapeTennisball
647,ShapeStrawberry
648,ShapeSmileyFace
649,ShapeSoccerball
650,ShapeRainbow
651,ShapeSadFace
652,ShapePoundSign
653,ShapePear
654,ShapePineapple
655,ShapeOrange
656,ShapePeanut
657,ShapeO
658,ShapeLemon
659,ShapeMoneyBag
660,ShapeHorseshoe
661,ShapeHockeyStick
662,ShapeHockeyPuck
663,ShapeHand
664,ShapeGolfClub
665,ShapeGrape
666,ShapeEuroSign
667,ShapeDollarSign
668,ShapeBasketball
669,ShapeCarrot
670,ShapeCherry
671,ShapeBaseball
672,ShapeBaseballBat
673,ShapeBanana
674,ShapeApple
675,ShapeCashLarge
676,ShapeCashMedium
677,ShapeCashSmall
678,ShapeFootballColored
679,ShapeLemonSmall
680,ShapeOrangeSmall
681,ShapeTreasureChestOpen
682,ShapeTreasureChestClosed
683,ShapeWatermelonSmall
684,UnbuildableRocksDestructible
685,UnbuildableBricksDestructible
686,UnbuildablePlatesDestructible
687,Debris2x2NonConjoined
688,EnemyPathingBlocker1x1
689,EnemyPathingBlocker2x2
690,EnemyPathingBlocker4x4
691,EnemyPathingBlocker8x8
692,EnemyPathingBlocker16x16
693,ScopeTest
694,SentryACGluescreenDummy
695,StukovInfestedTrooperACGluescreenDummy
696,MineralWall3x3
697,PhaseShield
698,MapmakerNeutralUnitGameStartModifierDecrease
714,CollapsibleTerranTowerDebris
715,DebrisRampLeft
716,DebrisRampRight
720,LocustMP
721,CollapsibleRockTowerDebris
722,NydusCanalCreeper
723,SwarmHostBurrowedMP
724,WarHound
725,WidowMineBurrowed
726,ExtendingBridgeNEWide8Out
727,ExtendingBridgeNEWide8
728,ExtendingBridgeNWWide8Out
729,ExtendingBridgeNWWide8
730,ExtendingBridgeNEWide10Out
731,ExtendingBridgeNEWide10
732,ExtendingBridgeNWWide10Out
733,ExtendingBridgeNWWide10
734,ExtendingBridgeNEWide12Out
735,ExtendingBridgeNEWide12
736,ExtendingBridgeNWWide12Out
737,ExtendingBridgeNWWide12
739,CollapsibleRockTowerDebrisRampRight
740,CollapsibleRockTowerDebrisRampLeft
741,XelNaga_Caverns_DoorE
742,XelNaga_Caverns_DoorEOpened
743,XelNaga_Caverns_DoorN
744,XelNaga_Caverns_DoorNE
745,XelNaga_Caverns_DoorNEOpened
746,XelNaga_Caverns_DoorNOpened
747,XelNaga_Caverns_DoorNW
748,XelNaga_Caverns_DoorNWOpened
749,XelNaga_Caverns_DoorS
750,XelNaga_Caverns_DoorSE
751,XelNaga_Caverns_DoorSEOpened
752,XelNaga_Caverns_DoorSOpened
753,XelNaga_Caverns_DoorSW
754,XelNaga_Caverns_DoorSWOpened
755,XelNaga_Caverns_DoorW
756,XelNaga_Caverns_DoorWOpened
757,XelNaga_Caverns_Floating_BridgeNE8Out
758,XelNaga_Caverns_Floating_BridgeNE8
759,XelNaga_Caverns_Floating_BridgeNW8Out
760,XelNaga_Caverns_Floating_BridgeNW8
761,XelNaga_Caverns_Floating_BridgeNE10Out
762,XelNaga_Caverns_Floating_BridgeNE10
763,XelNaga_Caverns_Floating_BridgeNW10Out
764,XelNaga_Caverns_Floating_BridgeNW10
765,XelNaga_Caverns_Floating_BridgeNE12Out
766,XelNaga_Caverns_Floating_BridgeNE12
767,XelNaga_Caverns_Floating_BridgeNW12Out
768,XelNaga_Caverns_Floating_BridgeNW12
769,XelNaga_Caverns_Floating_BridgeH8Out
770,XelNaga_Caverns_Floating_BridgeH8
771,XelNaga_Caverns_Floating_BridgeV8Out
772,XelNaga_Caverns_Floating_BridgeV8
773,XelNaga_Caverns_Floating_BridgeH10Out
774,XelNaga_Caverns_Floating_BridgeH10
775,XelNaga_Caverns_Floating_BridgeV10Out
776,XelNaga_Caverns_Floating_BridgeV10
777,XelNaga_Caverns_Floating_BridgeH12Out
778,XelNaga_Caverns_Floating_BridgeH12
779,XelNaga_Caverns_Floating_BridgeV12Out
780,XelNaga_Caverns_Floating_BridgeV12
783,CollapsibleTerranTowerPushUnitRampLeft
784,CollapsibleTerranTowerPushUnitRampRight
787,CollapsibleRockTowerPushUnit
788,CollapsibleTerranTowerPushUnit
789,CollapsibleRockTowerPushUnitRampRight
790,CollapsibleRockTowerPushUnitRampLeft
791,DigesterCreepSprayTargetUnit
792,DigesterCreepSprayUnit
793,NydusCanalAttackerWeapon
794,ViperConsumeStructureWeapon
797,ResourceBlocker
798,TempestWeapon
799,YoinkMissile
803,YoinkVikingAirMissile
805,YoinkVikingGroundMissile
807,YoinkSiegeTankMissile
809,WarHoundWeapon
811,EyeStalkWeapon
814,WidowMineWeapon
815,WidowMineAirWeapon
816,MothershipCoreWeaponWeapon
817,TornadoMissileWeapon
818,TornadoMissileDummyWeapon
819,TalonsMissileWeapon
820,CreepTumorMissile
821,LocustMPEggAMissileWeapon
822,LocustMPEggBMissileWeapon
823,LocustMPWeapon
825,RepulsorCannonWeapon
829,CollapsibleRockTowerDiagonal
830,CollapsibleTerranTowerDiagonal
831,CollapsibleTerranTowerRampLeft
832,CollapsibleTerranTowerRampRight
833,Ice2x2NonConjoined
834,IceProtossCrates
835,ProtossCrates
836,TowerMine
837,PickupPalletGas
838,PickupPalletMinerals
839,PickupScrapSalvage1x1
840,PickupScrapSalvage2x2
841,PickupScrapSalvage3x3
842,RoughTerrain
843,UnbuildableBricksSmallUnit
844,UnbuildablePlatesSmallUnit
845,UnbuildablePlatesUnit
846,UnbuildableRocksSmallUnit
847,XelNagaHealingShrine
848,InvisibleTargetDummy
849,ProtossVespeneGeyser
850,CollapsibleRockTower
851,CollapsibleTerranTower
852,ThornLizard
853,CleaningBot
854,DestructibleRock6x6Weak
855,ProtossSnakeSegmentDemo
856,PhysicsCapsule
857,PhysicsCube
858,PhysicsCylinder
859,PhysicsKnot
860,PhysicsL
861,PhysicsPrimitives
862,PhysicsSphere
863,PhysicsStar
864,CreepBlocker4x4
865,DestructibleCityDebris2x4Vertical
866,DestructibleCityDebris2x4Horizontal
867,DestructibleCityDebris2x6Vertical
868,DestructibleCityDebris2x6Horizontal
869,DestructibleCityDebris4x4
870,DestructibleCityDebris6x6
871,DestructibleCityDebrisHugeDiagonalBLUR
872,DestructibleCityDebrisHugeDiagonalULBR
873,TestZerg
874,PathingBlockerRadius1
875,DestructibleRockEx12x4Vertical
876,DestructibleRockEx12x4Horizontal
877,DestructibleRockEx12x6Vertical
878,DestructibleRockEx12x6Horizontal
879,DestructibleRockEx14x4
880,DestructibleRockEx16x6
881,DestructibleRockEx1DiagonalHugeULBR
882,DestructibleRockEx1DiagonalHugeBLUR
883,DestructibleRockEx1VerticalHuge
884,DestructibleRockEx1HorizontalHuge
885,DestructibleIce2x4Vertical
886,DestructibleIce2x4Horizontal
887,DestructibleIce2x6Vertical
888,DestructibleIce2x6Horizontal
889,DestructibleIce4x4
890,DestructibleIce6x6
891,DestructibleIceDiagonalHugeULBR
892,DestructibleIceDiagonalHugeBLUR
893,DestructibleIceVerticalHuge
894,DestructibleIceHorizontalHuge
895,DesertPlanetSearchlight
896,DesertPlanetStreetlight
897,UnbuildableBricksUnit
898,UnbuildableRocksUnit
899,ZerusDestructibleArch
900,Artosilope
901,Anteplott
902,LabBot
903,Crabeetle
904,CollapsibleRockTowerRampRight
905,CollapsibleRockTowerRampLeft
906,LabMineralField
907,LabMineralField750
922,CollapsibleRockTowerDebrisRampLeftGreen
923,CollapsibleRockTowerDebrisRampRightGreen
924,SnowRefinery_Terran_ExtendingBridgeNEShort8Out
925,SnowRefinery_Terran_ExtendingBridgeNEShort8
926,SnowRefinery_Terran_ExtendingBridgeNWShort8Out
927,SnowRefinery_Terran_ExtendingBridgeNWShort8
932,Tarsonis_DoorN
933,Tarsonis_DoorNLowered
934,Tarsonis_DoorNE
935,Tarsonis_DoorNELowered
936,Tarsonis_DoorE
937,Tarsonis_DoorELowered
938,Tarsonis_DoorNW
939,Tarsonis_DoorNWLowered
940,CompoundMansion_DoorN
941,CompoundMansion_DoorNLowered
942,CompoundMansion_DoorNE
943,CompoundMansion_DoorNELowered
944,CompoundMansion_DoorE
945,CompoundMansion_DoorELowered
946,CompoundMansion_DoorNW
947,CompoundMansion_DoorNWLowered
949,LocustMPFlying
950,AiurLightBridgeNE8Out
951,AiurLightBridgeNE8
952,AiurLightBridgeNE10Out
953,AiurLightBridgeNE10
954,AiurLightBridgeNE12Out
955,AiurLightBridgeNE12
956,AiurLightBridgeNW8Out
957,AiurLightBridgeNW8
958,AiurLightBridgeNW10Out
959,AiurLightBridgeNW10
960,AiurLightBridgeNW12Out
961,AiurLightBridgeNW12
962,AiurTempleBridgeNE8Out
964,AiurTempleBridgeNE10Out
966,AiurTempleBridgeNE12Out
968,AiurTempleBridgeNW8Out
970,AiurTempleBridgeNW10Out
972,AiurTempleBridgeNW12Out
974,ShakurasLightBridgeNE8Out
975,ShakurasLightBridgeNE8
976,ShakurasLightBridgeNE10Out
977,ShakurasLightBridgeNE10
978,ShakurasLightBridgeNE12Out
979,ShakurasLightBridgeNE12
980,ShakurasLightBridgeNW8Out
981,ShakurasLightBridgeNW8
982,ShakurasLightBridgeNW10Out
983,ShakurasLightBridgeNW10
984,ShakurasLightBridgeNW12Out
985,ShakurasLightBridgeNW12
986,VoidMPImmortalReviveCorpse
987,GuardianCocoonMP
988,GuardianMP
989,DevourerCocoonMP
990,DevourerMP
991,DefilerMPBurrowed
992,DefilerMP
993,OracleStasisTrap
994,DisruptorPhased
995,AiurLightBridgeAbandonedNE8Out
996,AiurLightBridgeAbandonedNE8
997,AiurLightBridgeAbandonedNE10Out
998,AiurLightBridgeAbandonedNE10
999,AiurLightBridgeAbandonedNE12Out
1000,AiurLightBridgeAbandonedNE12
1001,AiurLightBridgeAbandonedNW8Out
1002,AiurLightBridgeAbandonedNW8
1003,AiurLightBridgeAbandonedNW10Out
1004,AiurLightBridgeAbandonedNW10
1005,AiurLightBridgeAbandonedNW12Out
1006,AiurLightBridgeAbandonedNW12
1007,CollapsiblePurifierTowerDebris
1008,PortCity_Bridge_UnitNE8Out
1009,PortCity_Bridge_UnitNE8
1010,PortCity_Bridge_UnitSE8Out
1011,PortCity_Bridge_UnitSE8
1012,PortCity_Bridge_UnitNW8Out
1013,PortCity_Bridge_UnitNW8
1014,PortCity_Bridge_UnitSW8Out
1015,PortCity_Bridge_UnitSW8
1016,PortCity_Bridge_UnitNE10Out
1017,PortCity_Bridge_UnitNE10
1018,PortCity_Bridge_UnitSE10Out
1019,PortCity_Bridge_UnitSE10
1020,PortCity_Bridge_UnitNW10Out
1021,PortCity_Bridge_UnitNW10
1022,PortCity_Bridge_UnitSW10Out
1023,PortCity_Bridge_UnitSW10
1024,PortCity_Bridge_UnitNE12Out
1025,PortCity_Bridge_UnitNE12
1026,PortCity_Bridge_UnitSE12Out
1027,PortCity_Bridge_UnitSE12
1028,PortCity_Bridge_UnitNW12Out
1029,PortCity_Bridge_UnitNW12
1030,PortCity_Bridge_UnitSW12Out
1031,PortCity_Bridge_UnitSW12
1032,PortCity_Bridge_UnitN8Out
1033,PortCity_Bridge_UnitN8
1034,PortCity_Bridge_UnitS8Out
1035,PortCity_Bridge_UnitS8
1036,PortCity_Bridge_UnitE8Out
1037,PortCity_Bridge_UnitE8
1038,PortCity_Bridge_UnitW8Out
1039,PortCity_Bridge_UnitW8
1040,PortCity_Bridge_UnitN10Out
1041,PortCity_Bridge_UnitN10
1042,PortCity_Bridge_UnitS10Out
1043,PortCity_Bridge_UnitS10
1044,PortCity_Bridge_UnitE10Out
1045,PortCity_Bridge_UnitE10
1046,PortCity_Bridge_UnitW10Out
1047,PortCity_Bridge_UnitW10
1048,PortCity_Bridge_UnitN12Out
1049,PortCity_Bridge_UnitN12
1050,PortCity_Bridge_UnitS12Out
1051,PortCity_Bridge_UnitS12
1052,PortCity_Bridge_UnitE12Out
1053,PortCity_Bridge_UnitE12
1054,PortCity_Bridge_UnitW12Out
1055,PortCity_Bridge_UnitW12
1056,PurifierRichMineralField
1057,PurifierRichMineralField750
1058,CollapsibleRockTowerPushUnitRampLeftGreen
1059,CollapsibleRockTowerPushUnitRampRightGreen
1074,CollapsiblePurifierTowerPushUnit
1076,LocustMPPrecursor
1077,ReleaseInterceptorsBeacon
1078,AdeptPhaseShift
1079,HydraliskImpaleMissile
1080,CycloneMissileLargeAir
1081,CycloneMissile
1082,CycloneMissileLarge
1083,OracleWeapon
1084,TempestWeaponGround
1085,ScoutMPAirWeaponLeft
1086,ScoutMPAirWeaponRight
1087,ArbiterMPWeaponMissile
1088,GuardianMPWeapon
1089,DevourerMPWeaponMissile
1090,DefilerMPDarkSwarmWeapon
1091,QueenMPEnsnareMissile
1092,QueenMPSpawnBroodlingsMissile
1093,LightningBombWeapon
1094,HERCPlacement
1095,GrappleWeapon
1098,CausticSprayMissile
1099,ParasiticBombMissile
1100,ParasiticBombDummy
1101,AdeptWeapon
1102,AdeptUpgradeWeapon
1103,LiberatorMissile
1104,LiberatorDamageMissile
1105,LiberatorAGMissile
1106,KD8Charge
1107,KD8ChargeWeapon
1109,SlaynElementalGrabWeapon
1110,SlaynElementalGrabAirUnit
1111,SlaynElementalGrabGroundUnit
1112,SlaynElementalWeapon
1117,CollapsibleRockTowerRampLeftGreen
1118,CollapsibleRockTowerRampRightGreen
1119,DestructibleExpeditionGate6x6
1120,DestructibleZergInfestation3x3
1121,HERC
1122,Moopy
1123,Replicant
1124,SeekerMissile
1125,AiurTempleBridgeDestructibleNE8Out
1126,AiurTempleBridgeDestructibleNE10Out
1127,AiurTempleBridgeDestructibleNE12Out
1128,AiurTempleBridgeDestructibleNW8Out
1129,AiurTempleBridgeDestructibleNW10Out
1130,AiurTempleBridgeDestructibleNW12Out
1131,AiurTempleBridgeDestructibleSW8Out
1132,AiurTempleBridgeDestructibleSW10Out
1133,AiurTempleBridgeDestructibleSW12Out
1134,AiurTempleBridgeDestructibleSE8Out
1135,AiurTempleBridgeDestructibleSE10Out
1136,AiurTempleBridgeDestructibleSE12Out
1138,FlyoverUnit
1139,CorsairMP
1140,ScoutMP
1142,ArbiterMP
1143,ScourgeMP
1144,DefilerMPPlagueWeapon
1145,QueenMP
1146,XelNagaDestructibleRampBlocker6S
1147,XelNagaDestructibleRampBlocker6SE
1148,XelNagaDestructibleRampBlocker6E
1149,XelNagaDestructibleRampBlocker6NE
1150,XelNagaDestructibleRampBlocker6N
1151,XelNagaDestructibleRampBlocker6NW
1152,XelNagaDestructibleRampBlocker6W
1153,XelNagaDestructibleRampBlocker6SW
1154,XelNagaDestructibleRampBlocker8S
1155,XelNagaDestructibleRampBlocker8SE
1156,XelNagaDestructibleRampBlocker8E
1157,XelNagaDestructibleRampBlocker8NE
1158,XelNagaDestructibleRampBlocker8N
1159,XelNagaDestructibleRampBlocker8NW
1160,XelNagaDestructibleRampBlocker8W
1161,XelNagaDestructibleRampBlocker8SW
1162,XelNagaDestructibleBlocker6S
1163,XelNagaDestructibleBlocker6SE
1164,XelNagaDestructibleBlocker6E
1165,XelNagaDestructibleBlocker6NE
1166,XelNagaDestructibleBlocker6N
1167,XelNagaDestructibleBlocker6NW
1168,XelNagaDestructibleBlocker6W
1169,XelNagaDestructibleBlocker6SW
1170,XelNagaDestructibleBlocker8S
1171,XelNagaDestructibleBlocker8SE
1172,XelNagaDestructibleBlocker8E
1173,XelNagaDestructibleBlocker8NE
1174,XelNagaDestructibleBlocker8N
1175,XelNagaDestructibleBlocker8NW
1176,XelNagaDestructibleBlocker8W
1177,XelNagaDestructibleBlocker8SW
1178,ReptileCrate
1179,SlaynSwarmHostSpawnFlyer
1180,SlaynElemental
1181,PurifierVespeneGeyser
1182,ShakurasVespeneGeyser
1183,CollapsiblePurifierTowerDiagonal
1184,CreepOnlyBlocker4x4
1185,BattleStationMineralField
1186,BattleStationMineralField750
1187,PurifierMineralField
1188,PurifierMineralField750
1189,Beacon_Nova
1190,Beacon_NovaSmall
1191,Ursula
1192,Elsecaro_Colonist_Hut
1193,SnowGlazeStarterMP
1194,PylonOvercharged
1195,ObserverSiegeMode
1196,RavenRepairDrone
1198,ParasiticBombRelayDummy
1199,BypassArmorDrone
1200,AdeptPiercingWeapon
1201,HighTemplarWeaponMissile
1202,CycloneMissileLargeAirAlternative
1203,RavenScramblerMissile
1204,RavenRepairDroneReleaseWeapon
1205,RavenShredderMissileWeapon
1206,InfestedAcidSpinesWeapon
1207,InfestorEnsnareAttackMissile
1208,SNARE_PLACEHOLDER
1211,InfestorWeapon
1212,XelNagaTowerRangeIndicatorDummy
1213,CorrosiveParasiteWeapon
